{
  "anemia_risk_score": 30.56071431,
  "specific_gravity": 15.76911809,
  "cardiovascular_burden_score": 8.6956827,
  "hemoglobin_creatinine_ratio": 8.47948642,
  "hemoglobin": 7.25343799,
  "packed_cell_volume": 3.3310516,
  "serum_creatinine": 3.16715713,
  "albumin_specific_gravity_interaction": 3.03859464,
  "urea_creatinine_product": 2.77745986,
  "albumin": 2.45603377,
  "age_creatinine_interaction": 2.3084093,
  "hypertension": 1.48132421,
  "sodium": 1.47645837,
  "bun_creatinine_ratio": 1.44947372,
  "diabetes_mellitus": 1.29335297,
  "white_blood_cell_count": 1.21332488,
  "sodium_potassium_ratio": 1.20805448,
  "red_blood_cell_count": 1.13119752,
  "blood_urea": 1.10632935,
  "blood_glucose_random": 0.86392733,
  "potassium": 0.5209554,
  "blood_pressure": 0.25720641,
  "bp_risk_score": 0.16124954
}