{
  "case_name": "most_confident_notCKD",
  "patient_index": 0,
  "y_true": 0,
  "y_proba": 0.0,
  "lime_features": [
    [
      "anemia_risk_score <= 0.10",
      -0.33811697139052205
    ],
    [
      "cardiovascular_burden_score <= 0.00",
      -0.22719737371905455
    ],
    [
      "albumin <= 0.00",
      -0.14187650367404586
    ],
    [
      "age_creatinine_interaction <= 39.30",
      -0.10869710201188375
    ],
    [
      "1.01 < specific_gravity <= 1.02",
      -0.10712069700157101
    ],
    [
      "hemoglobin_creatinine_ratio > 14.90",
      -0.0999925047298717
    ],
    [
      "hemoglobin > 14.30",
      -0.09953774783813839
    ],
    [
      "serum_creatinine <= 0.88",
      -0.08532388585848281
    ],
    [
      "42.00 < blood_urea <= 69.25",
      -0.07631526104127347
    ],
    [
      "packed_cell_volume > 44.00",
      0.06915576841025396
    ],
    [
      "red_blood_cell_count > 5.20",
      -0.0664111163008918
    ],
    [
      "bun_creatinine_ratio > 37.99",
      -0.04021626586547714
    ],
    [
      "urea_creatinine_product <= 25.10",
      -0.036808369718041516
    ],
    [
      "blood_pressure <= 70.00",
      0.030918327683460717
    ],
    [
      "3.98 < potassium <= 4.40",
      0.018227327912691355
    ]
  ]
}