{
  "kidney_dysfunction_score": 0.18180608,
  "egfr_age_ratio": 0.14035406,
  "egfr": 0.13970445,
  "urea_creatinine_product": 0.06118721,
  "hemoglobin_creatinine_ratio": 0.06087674,
  "serum_creatinine": 0.05814699,
  "age_creatinine_interaction": 0.04698703,
  "anemia_risk_score": 0.0392518,
  "blood_urea": 0.03208496,
  "hemoglobin": 0.02346697,
  "cardiovascular_burden_score": 0.02299661,
  "bun_creatinine_ratio": 0.02234079,
  "age": 0.01879413,
  "hypertension": 0.01639041,
  "red_blood_cell_count": 0.01448586,
  "packed_cell_volume": 0.01414,
  "blood_glucose_random": 0.01395151,
  "sodium": 0.01372434,
  "sodium_potassium_ratio": 0.01298418,
  "albumin_specific_gravity_interaction": 0.01067651,
  "specific_gravity": 0.01034235,
  "bp_limit": 0.00849234,
  "albumin": 0.00726968,
  "appetite": 0.00603178,
  "diabetes_mellitus": 0.00555104,
  "bp_risk_score": 0.00438573,
  "pedal_edema": 0.00267395,
  "red_blood_cells": 0.00229131,
  "sugar": 0.00225135,
  "anemia": 0.00183127,
  "coronary_artery_disease": 0.00178498,
  "pus_cell": 0.00169659,
  "pus_cell_clumps": 0.00104703,
  "potassium": 0.0
}