{
  "specific_gravity": 1.72913412,
  "hemoglobin": 1.21593216,
  "diabetes_mellitus": 1.02609628,
  "anemia_risk_score": 1.00000371,
  "appetite": 0.97560333,
  "packed_cell_volume": 0.91070127,
  "cardiovascular_burden_score": 0.76856587,
  "hemoglobin_creatinine_ratio": 0.76227467,
  "albumin_specific_gravity_interaction": 0.74547442,
  "albumin": 0.74266849,
  "blood_glucose_random": 0.67568738,
  "red_blood_cell_count": 0.63209004,
  "hypertension": 0.56405073,
  "bun_creatinine_ratio": 0.39098693,
  "blood_urea": 0.33321041,
  "serum_creatinine": 0.24708086,
  "blood_pressure": 0.24526471,
  "bp_risk_score": 0.24526471,
  "sodium": 0.10904802,
  "urea_creatinine_product": 0.08945687,
  "potassium": 0.05027434,
  "age_creatinine_interaction": 0.04339075,
  "white_blood_cell_count": 0.04306358,
  "sodium_potassium_ratio": 0.00861582
}