{
  "case_name": "boundary_case",
  "patient_index": 0,
  "y_true": 0,
  "y_proba": 0.0,
  "lime_features": [
    [
      "cardiovascular_burden_score <= 0.00",
      -0.25518542098997504
    ],
    [
      "anemia_risk_score <= 0.10",
      -0.24882670734686138
    ],
    [
      "1.01 < specific_gravity <= 1.02",
      -0.17182599194072276
    ],
    [
      "hemoglobin_creatinine_ratio > 14.90",
      -0.14345510562608843
    ],
    [
      "hemoglobin > 14.30",
      -0.1322151114691566
    ],
    [
      "albumin <= 0.00",
      -0.09979707958509575
    ],
    [
      "red_blood_cell_count > 5.20",
      -0.09238563981903544
    ],
    [
      "bun_creatinine_ratio > 37.99",
      -0.07414212348326554
    ],
    [
      "age_creatinine_interaction <= 39.30",
      -0.06820728136509081
    ],
    [
      "blood_pressure <= 70.00",
      0.06773094900739031
    ],
    [
      "31.36 < sodium_potassium_ratio <= 34.74",
      0.05348333777711483
    ],
    [
      "albumin_specific_gravity_interaction <= 0.00",
      -0.05319144748268544
    ],
    [
      "blood_glucose_random <= 100.00",
      -0.04268073027475616
    ],
    [
      "serum_creatinine <= 0.88",
      -0.040436430506260175
    ],
    [
      "urea_creatinine_product <= 25.10",
      0.035165594771498214
    ]
  ]
}