{
  "case_name": "boundary_case",
  "patient_index": 27,
  "y_true": 0,
  "y_proba": 0.07260304086994335,
  "lime_features": [
    [
      "hemoglobin_creatinine_ratio > 14.90",
      -0.13445993160912809
    ],
    [
      "cardiovascular_burden_score <= 0.00",
      -0.11869189512072849
    ],
    [
      "1.01 < specific_gravity <= 1.02",
      -0.08248928271816469
    ],
    [
      "0.10 < anemia_risk_score <= 0.31",
      -0.06710151610924087
    ],
    [
      "albumin <= 0.00",
      -0.06291702406215419
    ],
    [
      "albumin_specific_gravity_interaction <= 0.00",
      -0.056978762868143504
    ],
    [
      "blood_urea <= 30.00",
      -0.04454049000329184
    ],
    [
      "70.00 < blood_pressure <= 80.00",
      -0.0439009276573826
    ],
    [
      "6800.00 < white_blood_cell_count <= 8000.00",
      -0.039483592756590316
    ],
    [
      "hypertension <= 0.00",
      -0.037468837094091476
    ],
    [
      "70.00 < bp_risk_score <= 80.00",
      -0.03703574265987546
    ],
    [
      "10.85 < hemoglobin <= 12.65",
      0.027314021878265454
    ],
    [
      "sodium > 140.25",
      0.025201215238293377
    ],
    [
      "34.00 < packed_cell_volume <= 40.00",
      0.023200149676411812
    ],
    [
      "serum_creatinine <= 0.88",
      -0.0191218104077606
    ]
  ]
}