{
  "egfr": 21.67537721,
  "kidney_dysfunction_score": 21.10633065,
  "egfr_age_ratio": 10.2719827,
  "serum_creatinine": 4.38129453,
  "cardiovascular_burden_score": 4.35914924,
  "hemoglobin_creatinine_ratio": 4.04368675,
  "anemia_risk_score": 3.9587831,
  "urea_creatinine_product": 3.43725741,
  "age_creatinine_interaction": 3.41282614,
  "bun_creatinine_ratio": 3.21391628,
  "sodium_potassium_ratio": 1.95788287,
  "specific_gravity": 1.82004618,
  "age": 1.49612887,
  "blood_glucose_random": 1.47011551,
  "blood_urea": 1.34743412,
  "bp_limit": 1.24888482,
  "hemoglobin": 1.18995585,
  "sodium": 1.17012916,
  "albumin": 1.00500956,
  "appetite": 0.99814097,
  "red_blood_cell_count": 0.97708049,
  "white_blood_cell_count": 0.92718592,
  "hypertension": 0.77691047,
  "albumin_specific_gravity_interaction": 0.74502777,
  "packed_cell_volume": 0.72110825,
  "sugar": 0.67637795,
  "bp_risk_score": 0.42810117,
  "red_blood_cells": 0.36365881,
  "diabetes_mellitus": 0.28561677,
  "anemia": 0.17332222,
  "pedal_edema": 0.16266264,
  "coronary_artery_disease": 0.12666658,
  "potassium": 0.04226836,
  "pus_cell": 0.02968069,
  "pus_cell_clumps": 0.0
}