{
  "anemia_risk_score": 0.2327893,
  "hemoglobin": 0.12581305,
  "packed_cell_volume": 0.10442767,
  "hemoglobin_creatinine_ratio": 0.10441607,
  "cardiovascular_burden_score": 0.06221412,
  "age_creatinine_interaction": 0.0561633,
  "serum_creatinine": 0.05359509,
  "specific_gravity": 0.05342932,
  "red_blood_cell_count": 0.04290426,
  "albumin": 0.02849373,
  "urea_creatinine_product": 0.02720813,
  "albumin_specific_gravity_interaction": 0.02240213,
  "hypertension": 0.01914804,
  "diabetes_mellitus": 0.01689895,
  "blood_urea": 0.01216494,
  "blood_glucose_random": 0.0116656,
  "bun_creatinine_ratio": 0.00761395,
  "sodium": 0.00590546,
  "bp_risk_score": 0.00282322,
  "sugar": 0.00236616,
  "blood_pressure": 0.00213815,
  "sodium_potassium_ratio": 0.00193855,
  "white_blood_cell_count": 0.00180816,
  "potassium": 0.00167265
}