{
  "serum_creatinine": 0.38270432,
  "kidney_dysfunction_score": 0.09701111,
  "egfr": 0.0853367,
  "egfr_age_ratio": 0.05669336,
  "bun_creatinine_ratio": 0.04297696,
  "hemoglobin_creatinine_ratio": 0.04161646,
  "urea_creatinine_product": 0.03872835,
  "hypertension": 0.01785712,
  "blood_urea": 0.01723897,
  "appetite": 0.01454094,
  "age_creatinine_interaction": 0.01454073,
  "sugar": 0.01334425,
  "anemia_risk_score": 0.01271092,
  "diabetes_mellitus": 0.01140541,
  "red_blood_cells": 0.0112118,
  "sodium_potassium_ratio": 0.01099823,
  "pedal_edema": 0.01087238,
  "albumin": 0.01048067,
  "age": 0.01010512,
  "cardiovascular_burden_score": 0.00994729,
  "coronary_artery_disease": 0.00926435,
  "albumin_specific_gravity_interaction": 0.00918762,
  "bacteria": 0.00917698,
  "sodium": 0.00873881,
  "hemoglobin": 0.00830789,
  "blood_glucose_random": 0.00812166,
  "red_blood_cell_count": 0.00714956,
  "bp_limit": 0.00650081,
  "specific_gravity": 0.00560477,
  "anemia": 0.00536398,
  "packed_cell_volume": 0.00490356,
  "pus_cell": 0.00320316,
  "pus_cell_clumps": 0.00246498,
  "bp_risk_score": 0.00169088,
  "potassium": 0.0
}