{
  "anemia_risk_score": 0.23226613,
  "hemoglobin": 0.15916805,
  "cardiovascular_burden_score": 0.10025788,
  "hypertension": 0.09669418,
  "hemoglobin_creatinine_ratio": 0.08292705,
  "specific_gravity": 0.08190416,
  "albumin_specific_gravity_interaction": 0.07923565,
  "albumin": 0.06485674,
  "blood_urea": 0.01522503,
  "packed_cell_volume": 0.01242736,
  "serum_creatinine": 0.01136476,
  "urea_creatinine_product": 0.00884661,
  "red_blood_cell_count": 0.00862433,
  "sodium": 0.00761488,
  "potassium": 0.00702531,
  "bun_creatinine_ratio": 0.00699918,
  "blood_glucose_random": 0.00640242,
  "age_creatinine_interaction": 0.006143,
  "sodium_potassium_ratio": 0.00597319,
  "white_blood_cell_count": 0.003971,
  "blood_pressure": 0.00207313,
  "diabetes_mellitus": 0.0,
  "bp_risk_score": 0.0
}