{
  "Stage 1": {
    "precision": 1.0,
    "recall": 1.0,
    "f1-score": 1.0,
    "support": 11.0
  },
  "Stage 2": {
    "precision": 1.0,
    "recall": 1.0,
    "f1-score": 1.0,
    "support": 7.0
  },
  "Stage 3": {
    "precision": 1.0,
    "recall": 0.3333333333333333,
    "f1-score": 0.5,
    "support": 6.0
  },
  "Stage 4": {
    "precision": 0.5625,
    "recall": 1.0,
    "f1-score": 0.72,
    "support": 9.0
  },
  "Stage 5": {
    "precision": 1.0,
    "recall": 0.5714285714285714,
    "f1-score": 0.7272727272727273,
    "support": 7.0
  },
  "accuracy": 0.825,
  "macro avg": {
    "precision": 0.9125,
    "recall": 0.7809523809523811,
    "f1-score": 0.7894545454545454,
    "support": 40.0
  },
  "weighted avg": {
    "precision": 0.9015625,
    "recall": 0.825,
    "f1-score": 0.8142727272727273,
    "support": 40.0
  }
}